{"cameraMode":{"drawMode":0,"name":"Shaded","section":"Shading Mode"},"sceneLighting":true,"audioPlay":false,"sceneViewState":{"showFog":true,"showMaterialUpdate":false,"showSkybox":true,"showFlares":true,"showImageEffects":true,"showParticleSystems":true},"in2DMode":false,"pivot":{"x":0.31969785690307619,"y":4.545368194580078,"z":-10.746726036071778},"rotation":{"x":0.26539644598960879,"y":-0.09642115235328675,"z":0.02669232338666916,"w":0.958946704864502},"size":4.010879993438721,"orthographic":false}