{"cameraMode":{"drawMode":0,"name":"Shaded","section":"Shading Mode"},"sceneLighting":false,"audioPlay":false,"sceneViewState":{"showFog":true,"showMaterialUpdate":false,"showSkybox":false,"showFlares":true,"showImageEffects":true,"showParticleSystems":true},"in2DMode":false,"pivot":{"x":0.6338620781898499,"y":1.84889817237854,"z":-0.012549109756946564},"rotation":{"x":-0.06468154489994049,"y":-0.9208366274833679,"z":0.17357391119003297,"w":-0.34314996004104617},"size":5.746306419372559,"orthographic":false}