{"cameraMode":{"drawMode":0,"name":"Shaded","section":"Shading Mode"},"sceneLighting":true,"audioPlay":false,"sceneViewState":{"showFog":true,"showMaterialUpdate":false,"showSkybox":true,"showFlares":true,"showImageEffects":true,"showParticleSystems":true},"in2DMode":false,"pivot":{"x":-2.0933971405029299,"y":1.1396379470825196,"z":-6.35062837600708},"rotation":{"x":0.145491361618042,"y":0.8349855542182922,"z":-0.2637883722782135,"w":0.4605100154876709},"size":6.619850158691406,"orthographic":false}