{"cameraMode":{"drawMode":0,"name":"Shaded","section":"Shading Mode"},"sceneLighting":false,"audioPlay":false,"sceneViewState":{"showFog":true,"showMaterialUpdate":false,"showSkybox":false,"showFlares":true,"showImageEffects":true,"showParticleSystems":true},"in2DMode":false,"pivot":{"x":0.31969785690307619,"y":0.8553680181503296,"z":-0.026725709438323976},"rotation":{"x":-0.08203672617673874,"y":0.37067705392837527,"z":-0.03289077430963516,"w":-0.9245477914810181},"size":6.537231922149658,"orthographic":false}