{"cameraMode":{"drawMode":0,"name":"Shaded","section":"Shading Mode"},"sceneLighting":true,"audioPlay":false,"sceneViewState":{"showFog":true,"showMaterialUpdate":false,"showSkybox":true,"showFlares":true,"showImageEffects":true,"showParticleSystems":true},"in2DMode":false,"pivot":{"x":0.0,"y":0.23000000417232514,"z":6.400000095367432},"rotation":{"x":0.24575050175189973,"y":-0.0723416730761528,"z":0.01840166002511978,"w":0.9664668440818787},"size":29.529319763183595,"orthographic":false}