{"cameraMode":{"drawMode":0,"name":"Shaded","section":"Shading Mode"},"sceneLighting":false,"audioPlay":false,"sceneViewState":{"showFog":true,"showMaterialUpdate":false,"showSkybox":false,"showFlares":true,"showImageEffects":true,"showParticleSystems":true},"in2DMode":false,"pivot":{"x":0.224063903093338,"y":1.8224091529846192,"z":-0.03848451375961304},"rotation":{"x":-0.05423619598150253,"y":-0.9165300130844116,"z":0.1331901252269745,"w":-0.37322312593460085},"size":4.849043846130371,"orthographic":false}