{"cameraMode":{"drawMode":0,"name":"Shaded","section":"Shading Mode"},"sceneLighting":false,"audioPlay":false,"sceneViewState":{"showFog":true,"showMaterialUpdate":false,"showSkybox":false,"showFlares":true,"showImageEffects":true,"showParticleSystems":true},"in2DMode":false,"pivot":{"x":-0.38215047121047976,"y":0.795046329498291,"z":-0.046699583530426028},"rotation":{"x":0.24575050175189973,"y":-0.0723416730761528,"z":0.01840166002511978,"w":0.9664668440818787},"size":5.814615726470947,"orthographic":false}